绑定编号,Operation,owner,method,path,audience,permission,risk,stepup,scopes,写/读名称信号,结论
BIND-AU-010-001,runtime.health.dependency,runtime,GET,/health/dependency,operator,runtime.health.read,high,false,platform|distributor|tenant|enterprise|mall|department|store|supplier|brand,无异常命名信号,结构闭合；不代表业务语义已审
BIND-AU-010-002,identity.loginintents.create,identity,POST,/api/v1/identity/login-intents,member,identity.session.read,low,false,self,非GET+.read,UNKNOWN：需业务链复核
BIND-AU-010-003,identity.session.read,identity,GET,/api/v1/identity/session,member,identity.session.read,low,false,self,无异常命名信号,结构闭合；不代表业务语义已审
BIND-AU-010-004,identity.session.delete,identity,DELETE,/api/v1/identity/session,member,identity.session.manage,elevated,false,self,无异常命名信号,结构闭合；不代表业务语义已审
BIND-AU-010-005,identity.sessions.read,identity,GET,/api/v1/identity/sessions,member,identity.session.read,low,false,self,无异常命名信号,结构闭合；不代表业务语义已审
BIND-AU-010-006,identity.sessions.revoke,identity,DELETE,/api/v1/identity/sessions/{sessionid},member,identity.session.manage,elevated,false,self,无异常命名信号,结构闭合；不代表业务语义已审
BIND-AU-010-007,identity.invitations.create,identity,POST,/api/v1/identity/invitations,operator,identity.invitation.manage,high,false,platform|distributor|tenant|enterprise|mall|department|store|supplier|brand,无异常命名信号,结构闭合；不代表业务语义已审
BIND-AU-010-008,identity.invitations.revoke,identity,DELETE,/api/v1/identity/invitations/{invitationid},operator,identity.invitation.manage,high,false,platform|distributor|tenant|enterprise|mall|department|store|supplier|brand,无异常命名信号,结构闭合；不代表业务语义已审
BIND-AU-010-009,identity.members.manage,identity,PUT,/api/v1/identity/members/{membershipid},operator,member.manage,high,false,platform|distributor|tenant|enterprise|mall|department|store|supplier|brand,无异常命名信号,结构闭合；不代表业务语义已审
BIND-AU-010-010,identity.password.change,identity,PUT,/api/v1/identity/password,member,identity.credential.manage,critical,true,self,无异常命名信号,结构闭合；不代表业务语义已审
BIND-AU-010-011,identity.password.verify,identity,POST,/api/v1/identity/password/verify,member,identity.assurance.manage,elevated,false,self,无异常命名信号,结构闭合；不代表业务语义已审
BIND-AU-010-012,identity.mobile.manage,identity,PUT,/api/v1/identity/mobile,member,identity.mobile.manage,high,false,self,无异常命名信号,结构闭合；不代表业务语义已审
BIND-AU-010-013,identity.stepup.start,identity,POST,/api/v1/identity/stepup/challenges,member,identity.assurance.manage,elevated,false,self,无异常命名信号,结构闭合；不代表业务语义已审
BIND-AU-010-014,identity.stepup.complete,identity,POST,/api/v1/identity/stepup/verifications,member,identity.assurance.manage,elevated,false,self,无异常命名信号,结构闭合；不代表业务语义已审
BIND-AU-010-015,identity.wechat.bind,identity,POST,/api/v1/identity/wechat/bindings,member,identity.credential.manage,critical,true,self,无异常命名信号,结构闭合；不代表业务语义已审
BIND-AU-010-016,organization.layers.read,organization,GET,/api/v1/organizations/layers,operator,organization.layer.read,low,false,platform|distributor|tenant|enterprise|mall|department,无异常命名信号,结构闭合；不代表业务语义已审
BIND-AU-010-017,provisioning.malls.create,provisioning,POST,/api/v1/provisioning/malls,operator,organization.layer.manage,critical,true,platform,无异常命名信号,结构闭合；不代表业务语义已审
BIND-AU-010-018,provisioning.malls.read,provisioning,GET,/api/v1/provisioning/malls/{mallid},operator,organization.layer.read,low,false,platform|distributor|tenant|enterprise|mall|department,无异常命名信号,结构闭合；不代表业务语义已审
BIND-AU-010-019,access.center.read,access,GET,/api/v1/access/center,operator,access.center.read,high,false,platform|distributor|tenant|enterprise|mall|department|store|supplier|brand,无异常命名信号,结构闭合；不代表业务语义已审
BIND-AU-010-020,access.roles.manage,access,PUT,/api/v1/access/roles/{roleid},operator,access.role.manage,critical,true,platform|distributor|tenant|enterprise|mall|department|store|supplier|brand,无异常命名信号,结构闭合；不代表业务语义已审
BIND-AU-010-021,access.scopes.manage,access,PUT,/api/v1/access/memberships/{membershipid}/scopes,operator,access.scope.manage,critical,true,platform|distributor|tenant|enterprise|mall|department|store|supplier|brand,无异常命名信号,结构闭合；不代表业务语义已审
BIND-AU-010-022,access.administrators.members.read,access,GET,/api/v1/access/administrator-members,operator,member.read,elevated,false,platform|distributor|tenant|enterprise|mall|department|store|supplier|brand,无异常命名信号,结构闭合；不代表业务语义已审
BIND-AU-010-023,access.administrators.member.read,access,GET,/api/v1/access/administrator-members/{nodeid},operator,member.read,elevated,false,platform|distributor|tenant|enterprise|mall|department|store|supplier|brand,无异常命名信号,结构闭合；不代表业务语义已审
BIND-AU-010-024,access.administrators.scopes.manage,access,PUT,/api/v1/access/administrators/{membershipid}/segment-scope,operator,access.scope.manage,critical,true,platform|distributor|tenant|enterprise|mall|department|store|supplier|brand,无异常命名信号,结构闭合；不代表业务语义已审
BIND-AU-010-025,access.administrators.members.note,access,POST,/api/v1/access/administrator-members/{nodeid}/notes,operator,member.manage,high,false,platform|distributor|tenant|enterprise|mall|department|store|supplier|brand,无异常命名信号,结构闭合；不代表业务语义已审
BIND-AU-010-026,capability.assignments.read,capability,GET,/api/v1/capabilities/assignments,operator,capability.assignment.read,high,false,platform|distributor|tenant|enterprise|mall|department|store|supplier|brand,无异常命名信号,结构闭合；不代表业务语义已审
BIND-AU-010-027,capability.assignments.manage,capability,PUT,/api/v1/capabilities/assignments/{assignmentid},operator,capability.assignment.manage,critical,true,platform|distributor|tenant|enterprise|mall|department|store|supplier|brand,无异常命名信号,结构闭合；不代表业务语义已审
BIND-AU-010-028,partner.partners.read,partner,GET,/api/v1/partners,operator,partner.read,low,false,platform|distributor|tenant|enterprise|mall|department|store|supplier|brand,无异常命名信号,结构闭合；不代表业务语义已审
BIND-AU-010-029,partner.partners.manage,partner,PUT,/api/v1/partners/{partnerid},operator,partner.manage,high,false,platform|distributor|tenant|enterprise|mall|department|store|supplier|brand,无异常命名信号,结构闭合；不代表业务语义已审
BIND-AU-010-030,organization.stores.read,partner,GET,/api/v1/organizations/stores,operator,partner.read,low,false,platform|distributor|tenant|enterprise|mall|department|store|supplier|brand,无异常命名信号,结构闭合；不代表业务语义已审
BIND-AU-010-031,organization.stores.manage,partner,PUT,/api/v1/organizations/stores/{storeid},operator,partner.manage,high,false,platform|distributor|tenant|enterprise|mall|department|store|supplier|brand,无异常命名信号,结构闭合；不代表业务语义已审
BIND-AU-010-032,member.members.read,member,GET,/api/v1/members,operator,member.read,elevated,false,platform|distributor|tenant|enterprise|mall|department|store|supplier|brand,无异常命名信号,结构闭合；不代表业务语义已审
BIND-AU-010-033,member.storefront.members.read,member,GET,/api/v1/member/storefront-members,operator,member.read,elevated,false,platform|distributor|tenant|enterprise|mall|department|store|supplier|brand,无异常命名信号,结构闭合；不代表业务语义已审
BIND-AU-010-034,member.storefront.detail.read,member,GET,/api/v1/member/storefront-members/{membershipid},operator,member.read,elevated,false,platform|distributor|tenant|enterprise|mall|department|store|supplier|brand,无异常命名信号,结构闭合；不代表业务语义已审
BIND-AU-010-035,member.storefront.invitees.read,member,GET,/api/v1/member/storefront-members/{membershipid}/invitees,operator,member.read,elevated,false,platform|distributor|tenant|enterprise|mall|department|store|supplier|brand,无异常命名信号,结构闭合；不代表业务语义已审
BIND-AU-010-036,member.storefront.orders.read,member,GET,/api/v1/member/storefront-members/{membershipid}/orders,operator,member.read,elevated,false,platform|distributor|tenant|enterprise|mall|department|store|supplier|brand,无异常命名信号,结构闭合；不代表业务语义已审
BIND-AU-010-037,member.storefront.config.read,member,GET,/api/v1/member/storefront-profile-config,operator,member.read,elevated,false,platform|distributor|tenant|enterprise|mall|department|store|supplier|brand,无异常命名信号,结构闭合；不代表业务语义已审
BIND-AU-010-038,member.storefront.config.manage,member,PUT,/api/v1/member/storefront-profile-config,operator,member.read,elevated,false,platform|distributor|tenant|enterprise|mall|department|store|supplier|brand,非GET+.read,F-0036已证实
BIND-AU-010-039,member.storefront.custom.read,member,GET,/api/v1/member/storefront-members/{membershipid}/custom-profile,operator,member.read,elevated,false,platform|distributor|tenant|enterprise|mall|department|store|supplier|brand,无异常命名信号,结构闭合；不代表业务语义已审
BIND-AU-010-040,member.storefront.custom.manage,member,PUT,/api/v1/member/storefront-members/{membershipid}/custom-profile,operator,member.read,elevated,false,platform|distributor|tenant|enterprise|mall|department|store|supplier|brand,非GET+.read,F-0036已证实
BIND-AU-010-041,member.invitations.read,member,GET,/api/v1/member/invitations,operator,identity.invitation.manage,high,false,platform|distributor|tenant|enterprise|mall|department|store|supplier|brand,无异常命名信号,结构闭合；不代表业务语义已审
BIND-AU-010-042,member.profile.read,member,GET,/api/v1/members/me,member,member.profile.read,low,false,owner,无异常命名信号,结构闭合；不代表业务语义已审
BIND-AU-010-043,member.malls.open,member,POST,/api/v1/members/me/mall,member,member.profile.read,low,false,owner,非GET+.read,UNKNOWN：需业务链复核
BIND-AU-010-044,member.sovereignty.upgrade,member,POST,/api/v1/members/me/sovereignty,member,member.profile.read,low,false,owner,非GET+.read,UNKNOWN：需业务链复核
BIND-AU-010-045,member.addresses.read,member,GET,/api/v1/members/me/addresses,member,member.address.read,low,false,owner,无异常命名信号,结构闭合；不代表业务语义已审
BIND-AU-010-046,member.addresses.manage,member,PUT,/api/v1/members/me/addresses/{addressid},member,member.address.manage,high,false,owner,无异常命名信号,结构闭合；不代表业务语义已审
BIND-AU-010-047,member.imports.create,member,POST,/api/v1/members/imports,operator,member.import,high,false,platform|distributor|tenant|enterprise|mall|department|store|supplier|brand,无异常命名信号,结构闭合；不代表业务语义已审
BIND-AU-010-048,member.imports.read,member,GET,/api/v1/members/imports/{importid},operator,member.import,high,false,platform|distributor|tenant|enterprise|mall|department|store|supplier|brand,无异常命名信号,结构闭合；不代表业务语义已审
BIND-AU-010-049,qualification.center.read,qualification,GET,/api/v1/qualifications,operator,qualification.read,low,false,platform|distributor|tenant|enterprise|mall|department|store|supplier|brand,无异常命名信号,结构闭合；不代表业务语义已审
BIND-AU-010-050,qualification.decisions.preview,qualification,POST,/api/v1/qualifications/decisions/preview,operator,qualification.preview,high,false,platform|distributor|tenant|enterprise|mall|department|store|supplier|brand,无异常命名信号,结构闭合；不代表业务语义已审
BIND-AU-010-051,qualification.policies.manage,qualification,PUT,/api/v1/qualifications/policies/{policyid},operator,qualification.manage,critical,true,platform|distributor|tenant|enterprise|mall|department|store|supplier|brand,无异常命名信号,结构闭合；不代表业务语义已审
BIND-AU-010-052,channel.distributors.create,channel,POST,/api/v1/channels/distributors,operator,channel.distributor.manage,critical,true,platform,无异常命名信号,结构闭合；不代表业务语义已审
BIND-AU-010-053,channel.distributors.read,channel,GET,/api/v1/channels/distributors,operator,channel.distributor.read,low,false,platform|distributor|tenant|enterprise|mall|department,无异常命名信号,结构闭合；不代表业务语义已审
BIND-AU-010-054,channel.distributors.update,channel,PATCH,/api/v1/channels/distributors/{distributorid},operator,channel.distributor.manage,critical,true,platform,无异常命名信号,结构闭合；不代表业务语义已审
BIND-AU-010-055,channel.distributors.disable,channel,DELETE,/api/v1/channels/distributors/{distributorid},operator,channel.distributor.manage,critical,true,platform,无异常命名信号,结构闭合；不代表业务语义已审
BIND-AU-010-056,channel.bindings.manage,channel,PUT,/api/v1/channels/bindings/{bindingid},operator,channel.binding.manage,critical,true,platform|distributor|tenant|enterprise|mall|department,无异常命名信号,结构闭合；不代表业务语义已审
BIND-AU-010-057,channel.quotas.manage,channel,PUT,/api/v1/channels/quotas/{quotaid},operator,channel.quota.manage,critical,true,platform|distributor|tenant|enterprise|mall|department,无异常命名信号,结构闭合；不代表业务语义已审
BIND-AU-010-058,catalog.pools.read,catalog,GET,/api/v1/catalog/pools,operator,catalog.pool.read,low,false,platform|distributor|tenant|enterprise|mall|department,无异常命名信号,结构闭合；不代表业务语义已审
BIND-AU-010-059,catalog.pools.attach,catalog,PUT,/api/v1/catalog/pools/{poolid}/bindings/{scopeid},operator,catalog.pool.manage,high,false,platform|distributor|tenant|enterprise|mall|department,无异常命名信号,结构闭合；不代表业务语义已审
BIND-AU-010-060,catalog.pools.detach,catalog,DELETE,/api/v1/catalog/pools/{poolid}/bindings/{scopeid},operator,catalog.pool.manage,high,false,platform|distributor|tenant|enterprise|mall|department,无异常命名信号,结构闭合；不代表业务语义已审
BIND-AU-010-061,catalog.pools.allocate,catalog,POST,/api/v1/catalog/pools/{poolid}/allocations,operator,catalog.pool.allocate,critical,true,platform|distributor|tenant|enterprise|mall|department,无异常命名信号,结构闭合；不代表业务语义已审
BIND-AU-010-062,catalog.products.create,catalog,POST,/api/v1/catalog/products,operator,catalog.product.manage,high,false,platform|distributor|tenant|enterprise|mall|department|store|supplier|brand,无异常命名信号,结构闭合；不代表业务语义已审
BIND-AU-010-063,catalog.products.update,catalog,PATCH,/api/v1/catalog/products/{productid},operator,catalog.product.manage,high,false,platform|distributor|tenant|enterprise|mall|department|store|supplier|brand,无异常命名信号,结构闭合；不代表业务语义已审
BIND-AU-010-064,catalog.products.archive,catalog,DELETE,/api/v1/catalog/products/{productid},operator,catalog.product.manage,high,false,platform|distributor|tenant|enterprise|mall|department|store|supplier|brand,无异常命名信号,结构闭合；不代表业务语义已审
BIND-AU-010-065,catalog.listings.read,catalog,GET,/api/v1/catalog/listings,member,catalog.listing.read,low,false,platform|distributor|tenant|enterprise|mall|department|supplier|brand|store|owner|self,无异常命名信号,结构闭合；不代表业务语义已审
BIND-AU-010-066,catalog.listings.publish,catalog,PUT,/api/v1/catalog/listings/{listingid}/publication,operator,catalog.listing.manage,high,false,platform|distributor|tenant|enterprise|mall|department|store|supplier|brand,无异常命名信号,结构闭合；不代表业务语义已审
BIND-AU-010-067,catalog.listings.unpublish,catalog,DELETE,/api/v1/catalog/listings/{listingid}/publication,operator,catalog.listing.manage,high,false,platform|distributor|tenant|enterprise|mall|department|store|supplier|brand,无异常命名信号,结构闭合；不代表业务语义已审
BIND-AU-010-068,catalog.listings.batch,catalog,POST,/api/v1/catalog/listings/batches,operator,catalog.listing.manage,high,false,platform|distributor|tenant|enterprise|mall|department|store|supplier|brand,无异常命名信号,结构闭合；不代表业务语义已审
BIND-AU-010-069,catalog.imports.create,catalog,POST,/api/v1/catalog/imports,operator,catalog.import.manage,high,false,platform|distributor|tenant|enterprise|mall|department|store|supplier|brand,无异常命名信号,结构闭合；不代表业务语义已审
BIND-AU-010-070,catalog.imports.read,catalog,GET,/api/v1/catalog/imports/{importid},operator,catalog.import.read,low,false,platform|distributor|tenant|enterprise|mall|department|store|supplier|brand,无异常命名信号,结构闭合；不代表业务语义已审
BIND-AU-010-071,pricing.rules.create,pricing,POST,/api/v1/pricing/rules,operator,pricing.rule.manage,critical,true,platform|distributor|tenant|enterprise|mall|department|store|supplier|brand,无异常命名信号,结构闭合；不代表业务语义已审
BIND-AU-010-072,pricing.rules.publish,pricing,PUT,/api/v1/pricing/rules/{ruleid}/publication,operator,pricing.rule.manage,critical,true,platform|distributor|tenant|enterprise|mall|department|store|supplier|brand,无异常命名信号,结构闭合；不代表业务语义已审
BIND-AU-010-073,pricing.offers.read,pricing,GET,/api/v1/pricing/offers,member,pricing.offer.read,low,false,platform|distributor|tenant|enterprise|mall|department|supplier|brand|store|owner|self,无异常命名信号,结构闭合；不代表业务语义已审
BIND-AU-010-074,inventory.availability.read,inventory,GET,/api/v1/inventory/availability,member,inventory.read,low,false,platform|distributor|tenant|enterprise|mall|department|supplier|brand|store|owner|self,无异常命名信号,结构闭合；不代表业务语义已审
BIND-AU-010-075,inventory.imports.create,inventory,POST,/api/v1/inventory/imports,operator,inventory.import.manage,high,false,platform|distributor|tenant|enterprise|mall|department|store|supplier|brand,无异常命名信号,结构闭合；不代表业务语义已审
BIND-AU-010-076,inventory.imports.read,inventory,GET,/api/v1/inventory/imports,operator,inventory.import.read,low,false,platform|distributor|tenant|enterprise|mall|department|store|supplier|brand,无异常命名信号,结构闭合；不代表业务语义已审
BIND-AU-010-077,marketing.campaigns.read,marketing,GET,/api/v1/marketing/campaigns,operator,marketing.read,low,false,platform|distributor|tenant|enterprise|mall|department|supplier|brand|store|owner|self,无异常命名信号,结构闭合；不代表业务语义已审
BIND-AU-010-078,reporting.dashboard.read,reporting,GET,/api/v1/reports/dashboard,operator,reporting.dashboard.read,low,false,platform|distributor|tenant|enterprise|mall|department,无异常命名信号,结构闭合；不代表业务语义已审
BIND-AU-010-079,reporting.sales.read,reporting,GET,/api/v1/reports/sales,operator,reporting.sales.read,low,false,platform|distributor|tenant|enterprise|mall|department,无异常命名信号,结构闭合；不代表业务语义已审
BIND-AU-010-080,reporting.products.read,reporting,GET,/api/v1/reports/products,operator,reporting.product.read,low,false,platform|distributor|tenant|enterprise|mall|department,无异常命名信号,结构闭合；不代表业务语义已审
BIND-AU-010-081,reporting.malls.read,reporting,GET,/api/v1/reports/malls,operator,reporting.mall.read,low,false,platform|distributor|tenant|enterprise|mall|department,无异常命名信号,结构闭合；不代表业务语义已审
BIND-AU-010-082,reporting.categories.read,reporting,GET,/api/v1/reports/categories,operator,reporting.category.read,low,false,platform|distributor|tenant|enterprise|mall|department,无异常命名信号,结构闭合；不代表业务语义已审
BIND-AU-010-083,reporting.channels.read,reporting,GET,/api/v1/reports/channels,operator,reporting.channel.read,low,false,platform|distributor|tenant|enterprise|mall|department,无异常命名信号,结构闭合；不代表业务语义已审
BIND-AU-010-084,reporting.powderclass.read,reporting,GET,/api/v1/reports/powderclass,operator,reporting.powderclass.read,low,false,platform|distributor|tenant|enterprise|mall|department,无异常命名信号,结构闭合；不代表业务语义已审
BIND-AU-010-085,reporting.voucherconsumption.read,reporting,GET,/api/v1/reports/voucherconsumption,operator,reporting.voucher.read,low,false,platform|distributor|tenant|enterprise|mall|department,无异常命名信号,结构闭合；不代表业务语义已审
BIND-AU-010-086,reporting.exports.create,reporting,POST,/api/v1/reports/exports,operator,reporting.export.manage,critical,true,platform|distributor|tenant|enterprise|mall|department,无异常命名信号,结构闭合；不代表业务语义已审
BIND-AU-010-087,reporting.exports.read,reporting,GET,/api/v1/reports/exports/{exportid},operator,reporting.export.read,high,false,platform|distributor|tenant|enterprise|mall|department,无异常命名信号,结构闭合；不代表业务语义已审
BIND-AU-010-088,experience.applications.create,experience,POST,/api/v1/experiences/applications,operator,experience.application.manage,high,false,platform|distributor|tenant|enterprise|mall|department,无异常命名信号,结构闭合；不代表业务语义已审
BIND-AU-010-089,experience.applications.copy,experience,POST,/api/v1/experiences/applications/{applicationid}/copies,operator,experience.application.manage,high,false,platform|distributor|tenant|enterprise|mall|department,无异常命名信号,结构闭合；不代表业务语义已审
BIND-AU-010-090,experience.applications.read,experience,GET,/api/v1/experiences/applications,operator,experience.application.read,low,false,platform|distributor|tenant|enterprise|mall|department,无异常命名信号,结构闭合；不代表业务语义已审
BIND-AU-010-091,experience.applications.update,experience,PATCH,/api/v1/experiences/applications/{applicationid},operator,experience.application.manage,high,false,platform|distributor|tenant|enterprise|mall|department,无异常命名信号,结构闭合；不代表业务语义已审
BIND-AU-010-092,experience.versions.save,experience,POST,/api/v1/experiences/applications/{applicationid}/versions,operator,experience.version.manage,high,false,platform|distributor|tenant|enterprise|mall|department,无异常命名信号,结构闭合；不代表业务语义已审
BIND-AU-010-093,experience.versions.validate,experience,POST,/api/v1/experiences/versions/{versionid}/validation,operator,experience.version.manage,high,false,platform|distributor|tenant|enterprise|mall|department,无异常命名信号,结构闭合；不代表业务语义已审
BIND-AU-010-094,experience.versions.publish,experience,PUT,/api/v1/experiences/versions/{versionid}/publication,operator,experience.version.publish,critical,true,platform|distributor|tenant|enterprise|mall|department,无异常命名信号,结构闭合；不代表业务语义已审
BIND-AU-010-095,experience.versions.restore,experience,POST,/api/v1/experiences/versions/{versionid}/restorations,operator,experience.version.publish,critical,true,platform|distributor|tenant|enterprise|mall|department,无异常命名信号,结构闭合；不代表业务语义已审
BIND-AU-010-096,cart.current.read,cart,GET,/api/v1/carts/current,member,cart.read,low,false,owner,无异常命名信号,结构闭合；不代表业务语义已审
BIND-AU-010-097,cart.items.put,cart,PUT,/api/v1/carts/current/items/{listingid},member,cart.manage,low,false,owner,无异常命名信号,结构闭合；不代表业务语义已审
BIND-AU-010-098,cart.items.batch,cart,POST,/api/v1/carts/current/items/batches,member,cart.manage,low,false,owner,无异常命名信号,结构闭合；不代表业务语义已审
BIND-AU-010-099,checkout.quote.create,checkout,POST,/api/v1/checkouts/quotes,member,checkout.create,elevated,false,owner,无异常命名信号,结构闭合；不代表业务语义已审
BIND-AU-010-100,order.orders.create,order,POST,/api/v1/orders,member,order.create,elevated,false,owner,无异常命名信号,结构闭合；不代表业务语义已审
BIND-AU-010-101,order.orders.read,order,GET,/api/v1/orders,member,order.read,low,false,platform|distributor|tenant|enterprise|mall|department|supplier|brand|store|owner|self,无异常命名信号,结构闭合；不代表业务语义已审
BIND-AU-010-102,order.orders.receive,order,POST,/api/v1/orders/{orderid}/receive,member,order.read,low,false,platform|distributor|tenant|enterprise|mall|department|supplier|brand|store|owner|self,非GET+.read,UNKNOWN：需业务链复核
BIND-AU-010-103,order.reminders.create,order,POST,/api/v1/orders/{orderid}/reminders,member,order.reminder.create,low,false,owner,无异常命名信号,结构闭合；不代表业务语义已审
BIND-AU-010-104,order.orders.export,order,POST,/api/v1/orders/exports,operator,order.export,critical,true,platform|distributor|tenant|enterprise|mall|department,无异常命名信号,结构闭合；不代表业务语义已审
BIND-AU-010-105,order.aftersales.read,order,GET,/api/v1/orders/aftersales,member,order.aftersale.read,low,false,platform|distributor|tenant|enterprise|mall|department|supplier|brand|store|owner|self,无异常命名信号,结构闭合；不代表业务语义已审
BIND-AU-010-106,order.aftersales.apply,order,POST,/api/v1/orders/{orderid}/aftersales,member,order.aftersale.apply,elevated,false,owner,无异常命名信号,结构闭合；不代表业务语义已审
BIND-AU-010-107,order.aftersales.approve,order,PUT,/api/v1/orders/aftersales/{aftersaleid}/approval,operator,order.aftersale.decide,critical,true,platform|distributor|tenant|enterprise|mall|department|store|supplier|brand,无异常命名信号,结构闭合；不代表业务语义已审
BIND-AU-010-108,order.aftersales.reject,order,DELETE,/api/v1/orders/aftersales/{aftersaleid}/approval,operator,order.aftersale.decide,critical,true,platform|distributor|tenant|enterprise|mall|department|store|supplier|brand,无异常命名信号,结构闭合；不代表业务语义已审
BIND-AU-010-109,fulfillment.shipments.create,fulfillment,POST,/api/v1/fulfillments/{fulfillmentid}/shipments,operator,fulfillment.ship,high,false,platform|distributor|tenant|enterprise|mall|department|store|supplier|brand,无异常命名信号,结构闭合；不代表业务语义已审
BIND-AU-010-110,fulfillment.tracking.read,fulfillment,GET,/api/v1/fulfillments/tracking,member,fulfillment.read,low,false,platform|distributor|tenant|enterprise|mall|department|supplier|brand|store|owner|self,无异常命名信号,结构闭合；不代表业务语义已审
BIND-AU-010-111,fulfillment.returns.receive,fulfillment,PUT,/api/v1/fulfillments/returns/{returnid}/receipt,operator,fulfillment.return.manage,high,false,platform|distributor|tenant|enterprise|mall|department|store|supplier|brand,无异常命名信号,结构闭合；不代表业务语义已审
BIND-AU-010-112,fulfillment.returns.inspect,fulfillment,PUT,/api/v1/fulfillments/returns/{returnid}/inspection,operator,fulfillment.return.manage,high,false,platform|distributor|tenant|enterprise|mall|department|store|supplier|brand,无异常命名信号,结构闭合；不代表业务语义已审
BIND-AU-010-113,payment.intents.create,payment,POST,/api/v1/payments/intents,member,payment.create,high,false,owner,无异常命名信号,结构闭合；不代表业务语义已审
BIND-AU-010-114,payment.intents.read,payment,GET,/api/v1/payments/intents/{paymentid},member,payment.create,high,false,owner,无异常命名信号,结构闭合；不代表业务语义已审
BIND-AU-010-115,verification.challenges.issue,verification,POST,/api/v1/verifications/challenges,operator,verification.issue,high,false,store|owner,无异常命名信号,结构闭合；不代表业务语义已审
BIND-AU-010-116,verification.sessions.read,verification,GET,/api/v1/verifications/sessions,member,verification.issue,high,false,store|owner,无异常命名信号,结构闭合；不代表业务语义已审
BIND-AU-010-117,verification.challenges.verify,verification,POST,/api/v1/verifications/challenges/{challengeid}/verification,operator,verification.verify,high,false,store,无异常命名信号,结构闭合；不代表业务语义已审
BIND-AU-010-118,verification.history.read,verification,GET,/api/v1/verifications/history,operator,verification.verify,high,false,store,无异常命名信号,结构闭合；不代表业务语义已审
BIND-AU-010-119,verification.devices.read,verification,GET,/api/v1/verifications/devices,operator,verification.verify,high,false,store,无异常命名信号,结构闭合；不代表业务语义已审
BIND-AU-010-120,verification.devices.manage,verification,PUT,/api/v1/verifications/devices/{deviceid},operator,verification.verify,high,false,store,无异常命名信号,结构闭合；不代表业务语义已审
BIND-AU-010-121,payment.refunds.request,payment,POST,/api/v1/payments/refunds,operator,payment.refund,critical,true,platform|distributor|tenant|enterprise|mall|department|store|supplier|brand,无异常命名信号,结构闭合；不代表业务语义已审
BIND-AU-010-122,payment.recoveries.read,payment,GET,/api/v1/payments/recoveries,operator,payment.recovery.read,high,false,platform|distributor|tenant|enterprise|mall|department|store|supplier|brand,无异常命名信号,结构闭合；不代表业务语义已审
BIND-AU-010-123,payment.recoveries.resolve,payment,POST,/api/v1/payments/recoveries/{caseid}/resolutions,operator,payment.recovery.manage,critical,true,platform|distributor|tenant|enterprise|mall|department|store|supplier|brand,无异常命名信号,结构闭合；不代表业务语义已审
BIND-AU-010-124,voucher.cardlibraries.read,voucher,GET,/api/v1/vouchers/cardlibraries,operator,voucher.cardlibrary.read,low,false,platform|distributor|tenant|enterprise|mall|department,无异常命名信号,结构闭合；不代表业务语义已审
BIND-AU-010-125,voucher.cardlibraries.create,voucher,POST,/api/v1/vouchers/cardlibraries,operator,voucher.cardlibrary.manage,critical,true,platform|distributor|tenant|enterprise|mall|department,无异常命名信号,结构闭合；不代表业务语义已审
BIND-AU-010-126,voucher.cardlibraries.allocate,voucher,POST,/api/v1/vouchers/cardlibraries/{libraryid}/allocations,operator,voucher.cardlibrary.allocate,critical,true,platform|distributor|tenant|enterprise|mall|department,无异常命名信号,结构闭合；不代表业务语义已审
BIND-AU-010-127,voucher.imports.read,voucher,GET,/api/v1/vouchers/imports/{importid},operator,voucher.cardlibrary.read,low,false,platform|distributor|tenant|enterprise|mall|department,无异常命名信号,结构闭合；不代表业务语义已审
BIND-AU-010-128,voucher.programs.read,voucher,GET,/api/v1/vouchers/programs,operator,voucher.program.read,low,false,platform|distributor|tenant|enterprise|mall|department,无异常命名信号,结构闭合；不代表业务语义已审
BIND-AU-010-129,voucher.programs.manage,voucher,PUT,/api/v1/vouchers/programs/{programid},operator,voucher.program.manage,high,false,platform|distributor|tenant|enterprise|mall|department,无异常命名信号,结构闭合；不代表业务语义已审
BIND-AU-010-130,voucher.reserves.read,voucher,GET,/api/v1/vouchers/reserves,operator,voucher.reserve.read,high,false,platform|distributor|tenant|enterprise|mall|department,无异常命名信号,结构闭合；不代表业务语义已审
BIND-AU-010-131,voucher.reserves.request,voucher,POST,/api/v1/vouchers/reserves,operator,voucher.reserve.request,high,false,platform|distributor|tenant|enterprise|mall|department,无异常命名信号,结构闭合；不代表业务语义已审
BIND-AU-010-132,voucher.reserves.decide,voucher,PUT,/api/v1/vouchers/reserves/{reserveid}/decision,operator,voucher.reserve.decide,critical,true,platform|distributor|tenant|enterprise|mall|department,无异常命名信号,结构闭合；不代表业务语义已审
BIND-AU-010-133,voucher.batches.read,voucher,GET,/api/v1/vouchers/batches,operator,voucher.batch.read,high,false,platform|distributor|tenant|enterprise|mall|department,无异常命名信号,结构闭合；不代表业务语义已审
BIND-AU-010-134,voucher.batches.issue,voucher,POST,/api/v1/vouchers/batches,operator,voucher.issue,critical,true,platform|distributor|tenant|enterprise|mall|department,无异常命名信号,结构闭合；不代表业务语义已审
BIND-AU-010-135,voucher.batches.retry,voucher,POST,/api/v1/vouchers/batches/{batchid}/retry,operator,voucher.issue,critical,true,platform|distributor|tenant|enterprise|mall|department,无异常命名信号,结构闭合；不代表业务语义已审
BIND-AU-010-136,voucher.status.batch,voucher,POST,/api/v1/vouchers/statusbatches,operator,voucher.status.manage,critical,true,platform|distributor|tenant|enterprise|mall|department,无异常命名信号,结构闭合；不代表业务语义已审
BIND-AU-010-137,voucher.statusbatches.read,voucher,GET,/api/v1/vouchers/statusbatches,operator,voucher.history.read,high,false,platform|distributor|tenant|enterprise|mall|department,无异常命名信号,结构闭合；不代表业务语义已审
BIND-AU-010-138,voucher.bindings.read,voucher,GET,/api/v1/vouchers/bindings,member,voucher.binding.read,low,false,platform|distributor|tenant|enterprise|mall|department|supplier|brand|store|owner|self,无异常命名信号,结构闭合；不代表业务语义已审
BIND-AU-010-139,voucher.bindings.manage,voucher,PUT,/api/v1/vouchers/{voucherid}/binding,operator,voucher.binding.manage,high,false,platform|distributor|tenant|enterprise|mall|department,无异常命名信号,结构闭合；不代表业务语义已审
BIND-AU-010-140,voucher.redemptions.read,voucher,GET,/api/v1/vouchers/redemptions,member,voucher.redemption.read,high,false,platform|distributor|tenant|enterprise|mall|department,无异常命名信号,结构闭合；不代表业务语义已审
BIND-AU-010-141,voucher.history.read,voucher,GET,/api/v1/vouchers/history,operator,voucher.history.read,high,false,platform|distributor|tenant|enterprise|mall|department,无异常命名信号,结构闭合；不代表业务语义已审
BIND-AU-010-142,voucher.redemptions.reverse,voucher,POST,/api/v1/vouchers/redemptions/{redemptionid}/reversal,operator,voucher.redemption.reverse,critical,true,platform|distributor|tenant|enterprise|mall|department,无异常命名信号,结构闭合；不代表业务语义已审
BIND-AU-010-143,benefit.accounts.read,benefit,GET,/api/v1/benefits/accounts,member,benefit.read,low,false,platform|distributor|tenant|enterprise|mall|department|supplier|brand|store|owner|self,无异常命名信号,结构闭合；不代表业务语义已审
BIND-AU-010-144,benefit.ledgers.read,benefit,GET,/api/v1/benefits/ledgers,member,benefit.read,low,false,platform|distributor|tenant|enterprise|mall|department|supplier|brand|store|owner|self,无异常命名信号,结构闭合；不代表业务语义已审
BIND-AU-010-145,benefit.plans.read,benefit,GET,/api/v1/benefits/plans,operator,benefit.plan.read,low,false,platform|distributor|tenant|enterprise|mall|department|store|supplier|brand,无异常命名信号,结构闭合；不代表业务语义已审
BIND-AU-010-146,benefit.plans.manage,benefit,PUT,/api/v1/benefits/plans/{planid},operator,benefit.plan.manage,high,false,platform|distributor|tenant|enterprise|mall|department|store|supplier|brand,无异常命名信号,结构闭合；不代表业务语义已审
BIND-AU-010-147,benefit.budgets.read,benefit,GET,/api/v1/benefits/budgets,operator,benefit.budget.read,high,false,platform|distributor|tenant|enterprise|mall|department|store|supplier|brand,无异常命名信号,结构闭合；不代表业务语义已审
BIND-AU-010-148,benefit.budgets.manage,benefit,PUT,/api/v1/benefits/budgets/{budgetid},operator,benefit.budget.manage,critical,true,platform|distributor|tenant|enterprise|mall|department|store|supplier|brand,无异常命名信号,结构闭合；不代表业务语义已审
BIND-AU-010-149,benefit.grants.create,benefit,POST,/api/v1/benefits/grants,operator,benefit.grant,critical,true,platform|distributor|tenant|enterprise|mall|department|store|supplier|brand,无异常命名信号,结构闭合；不代表业务语义已审
BIND-AU-010-150,benefit.grants.decide,benefit,PUT,/api/v1/benefits/grants/{batchid}/decision,operator,benefit.grant.decide,critical,true,platform|distributor|tenant|enterprise|mall|department|store|supplier|brand,无异常命名信号,结构闭合；不代表业务语义已审
BIND-AU-010-151,benefit.grants.read,benefit,GET,/api/v1/benefits/grants,operator,benefit.grant.read,high,false,platform|distributor|tenant|enterprise|mall|department|store|supplier|brand,无异常命名信号,结构闭合；不代表业务语义已审
BIND-AU-010-152,benefit.grants.control,benefit,POST,/api/v1/benefits/grants/{batchid}/control,operator,benefit.grant.control,critical,true,platform|distributor|tenant|enterprise|mall|department|store|supplier|brand,无异常命名信号,结构闭合；不代表业务语义已审
BIND-AU-010-153,benefit.grants.revoke,benefit,POST,/api/v1/benefits/grants/{batchid}/revoke,operator,benefit.revoke,critical,true,platform|distributor|tenant|enterprise|mall|department|store|supplier|brand,无异常命名信号,结构闭合；不代表业务语义已审
BIND-AU-010-154,benefit.lots.read,benefit,GET,/api/v1/benefits/lots,operator,benefit.lot.read,high,false,platform|distributor|tenant|enterprise|mall|department|store|supplier|brand,无异常命名信号,结构闭合；不代表业务语义已审
BIND-AU-010-155,finance.overview.read,finance,GET,/api/v1/finance/overview,operator,finance.overview.read,elevated,false,platform|distributor|tenant|enterprise|mall|department,无异常命名信号,结构闭合；不代表业务语义已审
BIND-AU-010-156,finance.entries.read,finance,GET,/api/v1/finance/entries,operator,finance.entry.read,elevated,false,platform|distributor|tenant|enterprise|mall|department,无异常命名信号,结构闭合；不代表业务语义已审
BIND-AU-010-157,finance.statements.read,finance,GET,/api/v1/finance/statements,operator,finance.statement.read,elevated,false,platform|distributor|tenant|enterprise|mall|department,无异常命名信号,结构闭合；不代表业务语义已审
BIND-AU-010-158,finance.statements.export,finance,POST,/api/v1/finance/statements/exports,operator,finance.statement.export,critical,true,platform|distributor|tenant|enterprise|mall|department,无异常命名信号,结构闭合；不代表业务语义已审
BIND-AU-010-159,finance.reconciliations.manage,finance,PUT,/api/v1/finance/reconciliations/{reconciliationid},operator,finance.reconciliation.manage,critical,true,platform|distributor|tenant|enterprise|mall|department,无异常命名信号,结构闭合；不代表业务语义已审
BIND-AU-010-160,finance.reconciliations.read,finance,GET,/api/v1/finance/reconciliations,operator,finance.reconciliation.read,elevated,false,platform|distributor|tenant|enterprise|mall|department,无异常命名信号,结构闭合；不代表业务语义已审
BIND-AU-010-161,finance.settlements.read,finance,GET,/api/v1/finance/settlements,operator,finance.settlement.read,elevated,false,platform|distributor|tenant|enterprise|mall|department,无异常命名信号,结构闭合；不代表业务语义已审
BIND-AU-010-162,finance.settlements.decide,finance,POST,/api/v1/finance/settlements/{settlementid}/decide,operator,finance.settlement.decide,critical,true,platform|distributor|tenant|enterprise|mall|department,无异常命名信号,结构闭合；不代表业务语义已审
BIND-AU-010-163,finance.settlements.adjust,finance,POST,/api/v1/finance/settlements/{settlementid}/adjust,operator,finance.settlement.adjust,critical,true,platform|distributor|tenant|enterprise|mall|department,无异常命名信号,结构闭合；不代表业务语义已审
BIND-AU-010-164,finance.withdrawals.read,finance,GET,/api/v1/finance/withdrawals,operator,finance.withdrawal.read,elevated,false,platform|distributor|tenant|enterprise|mall|department,无异常命名信号,结构闭合；不代表业务语义已审
BIND-AU-010-165,finance.withdrawals.create,finance,POST,/api/v1/finance/withdrawals,operator,finance.withdrawal.create,critical,true,platform|distributor|tenant|enterprise|mall|department,无异常命名信号,结构闭合；不代表业务语义已审
BIND-AU-010-166,finance.withdrawals.decide,finance,POST,/api/v1/finance/withdrawals/{withdrawalid}/decide,operator,finance.withdrawal.decide,critical,true,platform|distributor|tenant|enterprise|mall|department,无异常命名信号,结构闭合；不代表业务语义已审
BIND-AU-010-167,finance.withdrawals.recover,finance,POST,/api/v1/finance/withdrawals/{withdrawalid}/recover,operator,finance.withdrawal.recover,critical,true,platform|distributor|tenant|enterprise|mall|department,无异常命名信号,结构闭合；不代表业务语义已审
BIND-AU-010-168,finance.holds.read,finance,GET,/api/v1/finance/holds,operator,finance.hold.read,elevated,false,platform|distributor|tenant|enterprise|mall|department,无异常命名信号,结构闭合；不代表业务语义已审
BIND-AU-010-169,finance.periods.read,finance,GET,/api/v1/finance/periods,operator,finance.period.read,elevated,false,platform|distributor|tenant|enterprise|mall|department,无异常命名信号,结构闭合；不代表业务语义已审
BIND-AU-010-170,finance.periods.manage,finance,POST,/api/v1/finance/periods/{period}/manage,operator,finance.period.manage,critical,true,platform|distributor|tenant|enterprise|mall|department,无异常命名信号,结构闭合；不代表业务语义已审
BIND-AU-010-171,finance.backfills.read,finance,GET,/api/v1/finance/backfills,operator,finance.backfill.read,high,false,platform|distributor|tenant|enterprise|mall|department,无异常命名信号,结构闭合；不代表业务语义已审
BIND-AU-010-172,finance.backfills.decide,finance,POST,/api/v1/finance/backfills/{backfillid}/decide,operator,finance.backfill.decide,critical,true,platform|distributor|tenant|enterprise|mall|department,无异常命名信号,结构闭合；不代表业务语义已审
BIND-AU-010-173,finance.policies.manage,finance,PUT,/api/v1/finance/policies/{policyid},operator,finance.policy.manage,critical,true,platform|distributor|tenant|enterprise|mall|department,无异常命名信号,结构闭合；不代表业务语义已审
BIND-AU-010-174,invoice.profiles.manage,finance,PUT,/api/v1/invoices/profiles/{profileid},operator,invoice.profile.manage,high,false,platform|distributor|tenant|enterprise|mall|department,无异常命名信号,结构闭合；不代表业务语义已审
BIND-AU-010-175,invoice.profiles.read,finance,GET,/api/v1/invoices/profiles,member,invoice.profile.read,elevated,false,platform|distributor|tenant|enterprise|mall|department|supplier|brand|store|owner|self,无异常命名信号,结构闭合；不代表业务语义已审
BIND-AU-010-176,invoice.requests.create,finance,POST,/api/v1/invoices/requests,member,invoice.request.create,high,false,platform|distributor|tenant|enterprise|mall|department,无异常命名信号,结构闭合；不代表业务语义已审
BIND-AU-010-177,invoice.requests.read,finance,GET,/api/v1/invoices/requests,operator,invoice.request.read,elevated,false,platform|distributor|tenant|enterprise|mall|department,无异常命名信号,结构闭合；不代表业务语义已审
BIND-AU-010-178,invoice.requests.cancel,finance,DELETE,/api/v1/invoices/requests/{requestid},operator,invoice.request.cancel,high,false,platform|distributor|tenant|enterprise|mall|department,无异常命名信号,结构闭合；不代表业务语义已审
BIND-AU-010-179,invoice.requests.decide,finance,POST,/api/v1/invoices/requests/{requestid}/decide,operator,invoice.request.decide,critical,true,platform|distributor|tenant|enterprise|mall|department,无异常命名信号,结构闭合；不代表业务语义已审
BIND-AU-010-180,invoice.requests.red,finance,POST,/api/v1/invoices/requests/{requestid}/red,operator,invoice.request.red,critical,true,platform|distributor|tenant|enterprise|mall|department,无异常命名信号,结构闭合；不代表业务语义已审
BIND-AU-010-181,support.cases.create,support,POST,/api/v1/support/cases,member,support.case.create,low,false,platform|distributor|tenant|enterprise|mall|department|supplier|brand|store|owner|self,无异常命名信号,结构闭合；不代表业务语义已审
BIND-AU-010-182,support.cases.read,support,GET,/api/v1/support/cases,operator,support.case.read,elevated,false,platform|distributor|tenant|enterprise|mall|department|supplier|brand|store|owner|self,无异常命名信号,结构闭合；不代表业务语义已审
BIND-AU-010-183,support.cases.update,support,PATCH,/api/v1/support/cases/{caseid},operator,support.case.manage,high,false,platform|distributor|tenant|enterprise|mall|department,无异常命名信号,结构闭合；不代表业务语义已审
BIND-AU-010-184,support.cases.close,support,PUT,/api/v1/support/cases/{caseid}/closure,operator,support.case.manage,high,false,platform|distributor|tenant|enterprise|mall|department,无异常命名信号,结构闭合；不代表业务语义已审
BIND-AU-010-185,support.cases.reopen,support,DELETE,/api/v1/support/cases/{caseid}/closure,operator,support.case.manage,high,false,platform|distributor|tenant|enterprise|mall|department,无异常命名信号,结构闭合；不代表业务语义已审
BIND-AU-010-186,support.messages.send,support,POST,/api/v1/support/cases/{caseid}/messages,operator,support.message.send,elevated,false,platform|distributor|tenant|enterprise|mall|department|supplier|brand|store|owner|self,无异常命名信号,结构闭合；不代表业务语义已审
BIND-AU-010-187,support.messages.read,support,GET,/api/v1/support/cases/{caseid}/messages,operator,support.message.read,elevated,false,platform|distributor|tenant|enterprise|mall|department|supplier|brand|store|owner|self,无异常命名信号,结构闭合；不代表业务语义已审
BIND-AU-010-188,support.attachments.create,support,POST,/api/v1/support/cases/{caseid}/attachments,operator,support.message.send,elevated,false,platform|distributor|tenant|enterprise|mall|department|supplier|brand|store|owner|self,无异常命名信号,结构闭合；不代表业务语义已审
BIND-AU-010-189,support.assignments.manage,support,PUT,/api/v1/support/assignments/{assignmentid},operator,support.assignment.manage,high,false,platform|distributor|tenant|enterprise|mall|department,无异常命名信号,结构闭合；不代表业务语义已审
BIND-AU-010-190,support.agents.manage,support,PUT,/api/v1/support/agents/{agentid},operator,support.agent.manage,high,false,platform|distributor|tenant|enterprise|mall|department,无异常命名信号,结构闭合；不代表业务语义已审
BIND-AU-010-191,support.agents.read,support,GET,/api/v1/support/agents,operator,support.agent.read,high,false,platform|distributor|tenant|enterprise|mall|department,无异常命名信号,结构闭合；不代表业务语义已审
BIND-AU-010-192,support.accounts.manage,support,PUT,/api/v1/support/accounts/{accountid},operator,support.account.manage,critical,true,platform|distributor|tenant|enterprise|mall|department,无异常命名信号,结构闭合；不代表业务语义已审
BIND-AU-010-193,support.accounts.read,support,GET,/api/v1/support/accounts,operator,support.account.read,high,false,platform|distributor|tenant|enterprise|mall|department,无异常命名信号,结构闭合；不代表业务语义已审
BIND-AU-010-194,support.rules.read,support,GET,/api/v1/support/rules,operator,support.rule.read,high,false,platform|distributor|tenant|enterprise|mall|department,无异常命名信号,结构闭合；不代表业务语义已审
BIND-AU-010-195,support.rules.manage,support,PUT,/api/v1/support/rules/{ruleid},operator,support.rule.manage,critical,true,platform|distributor|tenant|enterprise|mall|department,无异常命名信号,结构闭合；不代表业务语义已审
BIND-AU-010-196,support.slas.read,support,GET,/api/v1/support/slas,operator,support.sla.read,high,false,platform|distributor|tenant|enterprise|mall|department,无异常命名信号,结构闭合；不代表业务语义已审
BIND-AU-010-197,support.slas.manage,support,PUT,/api/v1/support/slas/{slaid},operator,support.sla.manage,critical,true,platform|distributor|tenant|enterprise|mall|department,无异常命名信号,结构闭合；不代表业务语义已审
BIND-AU-010-198,support.history.read,support,GET,/api/v1/support/cases/{caseid}/history,operator,support.history.read,high,false,platform|distributor|tenant|enterprise|mall|department,无异常命名信号,结构闭合；不代表业务语义已审
BIND-AU-010-199,notification.notifications.read,notification,GET,/api/v1/notifications,member,notification.read,low,false,platform|distributor|tenant|enterprise|mall|department|supplier|brand|store|owner|self,无异常命名信号,结构闭合；不代表业务语义已审
BIND-AU-010-200,notification.preferences.read,notification,GET,/api/v1/notifications/preferences,member,notification.preference.read,low,false,owner,无异常命名信号,结构闭合；不代表业务语义已审
BIND-AU-010-201,notification.preferences.manage,notification,PUT,/api/v1/notifications/preferences/{channel}/{eventtype},member,notification.preference.manage,low,false,owner,无异常命名信号,结构闭合；不代表业务语义已审
BIND-AU-010-202,notification.endpoints.manage,notification,PUT,/api/v1/notifications/endpoints/{channel},member,notification.endpoint.manage,elevated,false,owner,无异常命名信号,结构闭合；不代表业务语义已审
BIND-AU-010-203,notification.templates.manage,notification,PUT,/api/v1/notifications/templates/{templateid},operator,notification.template.manage,critical,true,platform|distributor|tenant|enterprise|mall|department|store|supplier|brand,无异常命名信号,结构闭合；不代表业务语义已审
BIND-AU-010-204,notification.templates.read,notification,GET,/api/v1/notifications/templates,operator,notification.template.read,high,false,platform|distributor|tenant|enterprise|mall|department|store|supplier|brand,无异常命名信号,结构闭合；不代表业务语义已审
BIND-AU-010-205,notification.announcements.read,notification,GET,/api/v1/notifications/announcements,operator,notification.announcement.read,high,false,platform|distributor|tenant|enterprise|mall|department|store|supplier|brand,无异常命名信号,结构闭合；不代表业务语义已审
BIND-AU-010-206,notification.announcements.manage,notification,PUT,/api/v1/notifications/announcements/{announcementid},operator,notification.announcement.manage,critical,true,platform|distributor|tenant|enterprise|mall|department|store|supplier|brand,无异常命名信号,结构闭合；不代表业务语义已审
BIND-AU-010-207,risk.center.read,risk,GET,/api/v1/risks,operator,risk.read,high,false,platform|distributor|tenant|enterprise|mall|department|store|supplier|brand,无异常命名信号,结构闭合；不代表业务语义已审
BIND-AU-010-208,risk.policies.manage,risk,PUT,/api/v1/risks/policies/{policyid},operator,risk.manage,critical,true,platform|distributor|tenant|enterprise|mall|department|store|supplier|brand,无异常命名信号,结构闭合；不代表业务语义已审
BIND-AU-010-209,risk.cases.review,risk,PUT,/api/v1/risks/cases/{caseid},operator,risk.manage,critical,true,platform|distributor|tenant|enterprise|mall|department|store|supplier|brand,无异常命名信号,结构闭合；不代表业务语义已审
BIND-AU-010-210,audit.records.read,audit,GET,/api/v1/audits,operator,audit.read,high,false,platform|distributor|tenant|enterprise|mall|department|store|supplier|brand,无异常命名信号,结构闭合；不代表业务语义已审
BIND-AU-010-211,observability.clienterrors.create,observability,POST,/api/v1/telemetry/clienterrors,member,observability.clienterror.create,low,false,owner,无异常命名信号,结构闭合；不代表业务语义已审
BIND-AU-010-212,observability.clienterrors.read,observability,GET,/api/v1/telemetry/clienterrors,operator,observability.clienterror.read,high,false,platform|distributor|tenant|enterprise|mall|department|store|supplier|brand,无异常命名信号,结构闭合；不代表业务语义已审
BIND-AU-010-213,channel.connections.read,channel,GET,/api/v1/channels/connections,operator,channel.connection.read,high,false,platform|distributor|tenant|enterprise|mall|department,无异常命名信号,结构闭合；不代表业务语义已审
BIND-AU-010-214,channel.connections.create,channel,POST,/api/v1/channels/connections,operator,channel.connection.manage,critical,true,platform|distributor|tenant|enterprise|mall|department,无异常命名信号,结构闭合；不代表业务语义已审
BIND-AU-010-215,channel.connections.update,channel,PATCH,/api/v1/channels/connections/{connectionid},operator,channel.connection.manage,critical,true,platform|distributor|tenant|enterprise|mall|department,无异常命名信号,结构闭合；不代表业务语义已审
BIND-AU-010-216,channel.connections.test,channel,POST,/api/v1/channels/connections/{connectionid}/tests,operator,channel.connection.manage,critical,true,platform|distributor|tenant|enterprise|mall|department,无异常命名信号,结构闭合；不代表业务语义已审
BIND-AU-010-217,channel.connections.enable,channel,PUT,/api/v1/channels/connections/{connectionid}/enablement,operator,channel.connection.manage,critical,true,platform|distributor|tenant|enterprise|mall|department,无异常命名信号,结构闭合；不代表业务语义已审
BIND-AU-010-218,channel.connections.disable,channel,DELETE,/api/v1/channels/connections/{connectionid}/enablement,operator,channel.connection.manage,critical,true,platform|distributor|tenant|enterprise|mall|department,无异常命名信号,结构闭合；不代表业务语义已审
BIND-AU-010-219,channel.syncruns.start,channel,POST,/api/v1/channels/syncruns,operator,channel.sync.manage,high,false,platform|distributor|tenant|enterprise|mall|department,无异常命名信号,结构闭合；不代表业务语义已审
BIND-AU-010-220,channel.syncruns.read,channel,GET,/api/v1/channels/syncruns,operator,channel.sync.read,low,false,platform|distributor|tenant|enterprise|mall|department,无异常命名信号,结构闭合；不代表业务语义已审
BIND-AU-010-221,channel.syncruns.cancel,channel,DELETE,/api/v1/channels/syncruns/{runid},operator,channel.sync.manage,high,false,platform|distributor|tenant|enterprise|mall|department,无异常命名信号,结构闭合；不代表业务语义已审
BIND-AU-010-222,channel.operations.read,channel,GET,/api/v1/channels/operations,operator,channel.operation.read,high,false,platform|distributor|tenant|enterprise|mall|department,无异常命名信号,结构闭合；不代表业务语义已审
BIND-AU-010-223,channel.operations.replay,channel,POST,/api/v1/channels/operations/{operationid}/replays,operator,channel.operation.replay,critical,true,platform|distributor|tenant|enterprise|mall|department,无异常命名信号,结构闭合；不代表业务语义已审
BIND-AU-010-224,extension.installations.read,extension,GET,/api/v1/extensions/installations,operator,extension.installation.read,high,false,platform,无异常命名信号,结构闭合；不代表业务语义已审
BIND-AU-010-225,identity.members.reset,identity,PUT,/api/v1/identity/members/{membershipid}/registration,operator,identity.registration.reset,high,false,platform|distributor|tenant|enterprise|mall|department|store|supplier|brand,无异常命名信号,结构闭合；不代表业务语义已审
BIND-AU-010-226,identity.mobile.challenge,identity,POST,/api/v1/identity/mobile/challenges,member,identity.mobile.manage,high,false,self,无异常命名信号,结构闭合；不代表业务语义已审
BIND-AU-010-227,access.ownership.read,access,GET,/api/v1/access/ownership,operator,access.ownership.read,high,false,self,无异常命名信号,结构闭合；不代表业务语义已审
BIND-AU-010-228,access.ownership.transfers.preview,access,POST,/api/v1/access/ownership/transfers/preview,operator,access.ownership.transfer,critical,true,self,无异常命名信号,结构闭合；不代表业务语义已审
BIND-AU-010-229,access.ownership.transfers.create,access,POST,/api/v1/access/ownership/transfers,operator,access.ownership.transfer,critical,true,self,无异常命名信号,结构闭合；不代表业务语义已审
BIND-AU-010-230,access.ownership.transfers.accept.preview,access,POST,/api/v1/access/ownership/transfers/{transferid}/accept/preview,operator,access.ownership.accept,critical,true,self,无异常命名信号,结构闭合；不代表业务语义已审
BIND-AU-010-231,access.ownership.transfers.accept,access,POST,/api/v1/access/ownership/transfers/{transferid}/accept,operator,access.ownership.accept,critical,true,self,无异常命名信号,结构闭合；不代表业务语义已审
BIND-AU-010-232,access.ownership.transfers.cancel,access,POST,/api/v1/access/ownership/transfers/{transferid}/cancel,operator,access.ownership.transfer,critical,true,self,无异常命名信号,结构闭合；不代表业务语义已审
BIND-AU-010-233,access.ownership.transfers.cancel.preview,access,POST,/api/v1/access/ownership/transfers/{transferid}/cancel/preview,operator,access.ownership.transfer,critical,true,self,无异常命名信号,结构闭合；不代表业务语义已审
BIND-AU-010-234,referral.settings.read,referral,GET,/api/v1/referral/settings,operator,referral.settings.read,elevated,false,mall,无异常命名信号,结构闭合；不代表业务语义已审
BIND-AU-010-235,referral.settings.manage,referral,PUT,/api/v1/referral/settings,operator,referral.settings.manage,critical,true,mall,无异常命名信号,结构闭合；不代表业务语义已审
BIND-AU-010-236,referral.products.read,referral,GET,/api/v1/referral/products,operator,referral.products.read,low,false,mall,无异常命名信号,结构闭合；不代表业务语义已审
BIND-AU-010-237,referral.products.manage,referral,PUT,/api/v1/referral/products,operator,referral.products.manage,critical,true,mall,无异常命名信号,结构闭合；不代表业务语义已审
BIND-AU-010-238,referral.members.read,referral,GET,/api/v1/referral/members,operator,referral.members.read,elevated,false,mall,无异常命名信号,结构闭合；不代表业务语义已审
BIND-AU-010-239,referral.members.apply,referral,POST,/api/v1/referral/members/apply,member,referral.self.manage,high,false,owner,无异常命名信号,结构闭合；不代表业务语义已审
BIND-AU-010-240,referral.members.approve,referral,POST,/api/v1/referral/members/approve,operator,referral.members.approve,high,false,mall,无异常命名信号,结构闭合；不代表业务语义已审
BIND-AU-010-241,referral.members.disqualify,referral,POST,/api/v1/referral/members/disqualify,operator,referral.members.disqualify,high,false,mall,无异常命名信号,结构闭合；不代表业务语义已审
BIND-AU-010-242,referral.bindings.read,referral,GET,/api/v1/referral/bindings,operator,referral.bindings.read,elevated,false,mall,无异常命名信号,结构闭合；不代表业务语义已审
BIND-AU-010-243,referral.bindings.create,referral,POST,/api/v1/referral/bindings,member,referral.self.manage,high,false,owner,无异常命名信号,结构闭合；不代表业务语义已审
BIND-AU-010-244,referral.commissions.read,referral,GET,/api/v1/referral/commissions,operator,referral.commissions.read,high,false,mall,无异常命名信号,结构闭合；不代表业务语义已审
BIND-AU-010-245,referral.earnings.read,referral,GET,/api/v1/referral/earnings,member,referral.self.read,low,false,owner,无异常命名信号,结构闭合；不代表业务语义已审
BIND-AU-010-246,referral.links.read,referral,GET,/api/v1/referral/links,member,referral.self.read,low,false,owner,无异常命名信号,结构闭合；不代表业务语义已审
BIND-AU-010-247,referral.withdrawals.read,referral,GET,/api/v1/referral/withdrawals,member,referral.self.read,low,false,owner,无异常命名信号,结构闭合；不代表业务语义已审
BIND-AU-010-248,referral.withdrawals.create,referral,POST,/api/v1/referral/withdrawals,member,referral.withdrawals.create,critical,true,owner,无异常命名信号,结构闭合；不代表业务语义已审
BIND-AU-010-249,finance.reconciliationrepairs.read,finance,GET,/api/v1/finance/reconciliation-repairs/{repairid},operator,finance.reconciliation.read,elevated,false,platform|distributor|tenant|enterprise|mall|department,无异常命名信号,结构闭合；不代表业务语义已审
BIND-AU-010-250,finance.reconciliationrepairs.preview,finance,POST,/api/v1/finance/reconciliations/{reconciliationid}/items/{itemid}/repairs/preview,operator,finance.reconciliation.manage,critical,true,platform|distributor|tenant|enterprise|mall|department,无异常命名信号,结构闭合；不代表业务语义已审
BIND-AU-010-251,finance.reconciliationrepairs.submit,finance,POST,/api/v1/finance/reconciliation-repairs/{repairid}/submit,operator,finance.reconciliation.manage,critical,true,platform|distributor|tenant|enterprise|mall|department,无异常命名信号,结构闭合；不代表业务语义已审
BIND-AU-010-252,finance.reconciliationrepairs.decide,finance,POST,/api/v1/finance/reconciliation-repairs/{repairid}/decide,operator,finance.reconciliation.manage,critical,true,platform|distributor|tenant|enterprise|mall|department,无异常命名信号,结构闭合；不代表业务语义已审
BIND-AU-010-253,finance.reconciliationrepairs.reverse,finance,POST,/api/v1/finance/reconciliation-repairs/{repairid}/reverse,operator,finance.reconciliation.manage,critical,true,platform|distributor|tenant|enterprise|mall|department,无异常命名信号,结构闭合；不代表业务语义已审
BIND-AU-010-254,finance.policies.preview,finance,POST,/api/v1/finance/policies/{policyid}/preview,operator,finance.policy.manage,critical,true,platform|distributor|tenant|enterprise|mall|department,无异常命名信号,结构闭合；不代表业务语义已审
BIND-AU-010-255,finance.policies.read,finance,GET,/api/v1/finance/policies,operator,finance.policy.read,elevated,false,platform|distributor|tenant|enterprise|mall|department,无异常命名信号,结构闭合；不代表业务语义已审
BIND-AU-010-256,finance.audit.read,finance,GET,/api/v1/finance/audits,operator,audit.read,high,false,platform|distributor|tenant|enterprise|mall|department|store|supplier|brand,无异常命名信号,结构闭合；不代表业务语义已审
BIND-AU-010-257,invoice.operatorprofiles.read,finance,GET,/api/v1/invoices/operator-profiles,operator,invoice.profile.read,elevated,false,platform|distributor|tenant|enterprise|mall|department|supplier|brand|store|owner|self,无异常命名信号,结构闭合；不代表业务语义已审
BIND-AU-010-258,partner.customers.create,partner,POST,/api/v1/partners/customers,operator,partner.manage,high,false,platform|distributor|tenant|enterprise|mall|department|store|supplier|brand,无异常命名信号,结构闭合；不代表业务语义已审
BIND-AU-010-259,partner.customers.update,partner,PATCH,/api/v1/partners/customers/{customerid},operator,partner.manage,high,false,platform|distributor|tenant|enterprise|mall|department|store|supplier|brand,无异常命名信号,结构闭合；不代表业务语义已审
BIND-AU-010-260,partner.customers.enable,partner,POST,/api/v1/partners/customers/{customerid}/enable,operator,partner.manage,high,false,platform|distributor|tenant|enterprise|mall|department|store|supplier|brand,无异常命名信号,结构闭合；不代表业务语义已审
BIND-AU-010-261,partner.customers.disable,partner,POST,/api/v1/partners/customers/{customerid}/disable,operator,partner.manage,high,false,platform|distributor|tenant|enterprise|mall|department|store|supplier|brand,无异常命名信号,结构闭合；不代表业务语义已审
BIND-AU-010-262,partner.customers.get,partner,GET,/api/v1/partners/customers/{customerid},operator,partner.read,low,false,platform|distributor|tenant|enterprise|mall|department|store|supplier|brand,无异常命名信号,结构闭合；不代表业务语义已审
BIND-AU-010-263,partner.customers.list,partner,GET,/api/v1/partners/customers,operator,partner.read,low,false,platform|distributor|tenant|enterprise|mall|department|store|supplier|brand,无异常命名信号,结构闭合；不代表业务语义已审
BIND-AU-010-264,partner.customeroptions.list,partner,GET,/api/v1/partners/customer-options,operator,partner.read,low,false,platform|distributor|tenant|enterprise|mall|department|store|supplier|brand,无异常命名信号,结构闭合；不代表业务语义已审
BIND-AU-010-265,voucher.products.create,voucher,POST,/api/v1/vouchers/products,operator,voucher.program.manage,high,false,platform|distributor|tenant|enterprise|mall|department,无异常命名信号,结构闭合；不代表业务语义已审
BIND-AU-010-266,voucher.products.revise,voucher,POST,/api/v1/vouchers/products/{productid}/versions,operator,voucher.program.manage,high,false,platform|distributor|tenant|enterprise|mall|department,无异常命名信号,结构闭合；不代表业务语义已审
BIND-AU-010-267,voucher.products.enable,voucher,POST,/api/v1/vouchers/products/{productid}/enable,operator,voucher.program.manage,high,false,platform|distributor|tenant|enterprise|mall|department,无异常命名信号,结构闭合；不代表业务语义已审
BIND-AU-010-268,voucher.products.disable,voucher,POST,/api/v1/vouchers/products/{productid}/disable,operator,voucher.program.manage,high,false,platform|distributor|tenant|enterprise|mall|department,无异常命名信号,结构闭合；不代表业务语义已审
BIND-AU-010-269,voucher.products.get,voucher,GET,/api/v1/vouchers/products/{productid},operator,voucher.program.read,low,false,platform|distributor|tenant|enterprise|mall|department,无异常命名信号,结构闭合；不代表业务语义已审
BIND-AU-010-270,voucher.products.list,voucher,GET,/api/v1/vouchers/products,operator,voucher.program.read,low,false,platform|distributor|tenant|enterprise|mall|department,无异常命名信号,结构闭合；不代表业务语义已审
BIND-AU-010-271,voucher.productoptions.list,voucher,GET,/api/v1/vouchers/product-options,operator,voucher.program.read,low,false,platform|distributor|tenant|enterprise|mall|department,无异常命名信号,结构闭合；不代表业务语义已审
BIND-AU-010-272,voucher.credentialpools.create,voucher,POST,/api/v1/vouchers/credential-pools,operator,voucher.cardlibrary.manage,critical,true,platform|distributor|tenant|enterprise|mall|department,无异常命名信号,结构闭合；不代表业务语义已审
BIND-AU-010-273,voucher.credentials.generate,voucher,POST,/api/v1/vouchers/credential-pools/{poolid}/generate,operator,voucher.cardlibrary.manage,critical,true,platform|distributor|tenant|enterprise|mall|department,无异常命名信号,结构闭合；不代表业务语义已审
BIND-AU-010-274,voucher.credentials.import,voucher,POST,/api/v1/vouchers/credential-pools/{poolid}/imports,operator,voucher.cardlibrary.manage,critical,true,platform|distributor|tenant|enterprise|mall|department,无异常命名信号,结构闭合；不代表业务语义已审
BIND-AU-010-275,voucher.credentialpools.close,voucher,POST,/api/v1/vouchers/credential-pools/{poolid}/close,operator,voucher.cardlibrary.manage,critical,true,platform|distributor|tenant|enterprise|mall|department,无异常命名信号,结构闭合；不代表业务语义已审
BIND-AU-010-276,voucher.credentialpools.get,voucher,GET,/api/v1/vouchers/credential-pools/{poolid},operator,voucher.cardlibrary.read,low,false,platform|distributor|tenant|enterprise|mall|department,无异常命名信号,结构闭合；不代表业务语义已审
BIND-AU-010-277,voucher.credentialpools.list,voucher,GET,/api/v1/vouchers/credential-pools,operator,voucher.cardlibrary.read,low,false,platform|distributor|tenant|enterprise|mall|department,无异常命名信号,结构闭合；不代表业务语义已审
BIND-AU-010-278,voucher.credentials.list,voucher,GET,/api/v1/vouchers/credentials,operator,voucher.cardlibrary.read,low,false,platform|distributor|tenant|enterprise|mall|department,无异常命名信号,结构闭合；不代表业务语义已审
BIND-AU-010-279,voucher.credentials.get,voucher,GET,/api/v1/vouchers/credentials/{credentialid},operator,voucher.cardlibrary.read,low,false,platform|distributor|tenant|enterprise|mall|department,无异常命名信号,结构闭合；不代表业务语义已审
BIND-AU-010-280,voucher.credentialexports.create,voucher,POST,/api/v1/vouchers/credential-exports,operator,reporting.export.manage,critical,true,platform|distributor|tenant|enterprise|mall|department,无异常命名信号,结构闭合；不代表业务语义已审
BIND-AU-010-281,voucher.jobs.get,voucher,GET,/api/v1/vouchers/jobs/{jobid},operator,voucher.batch.read,high,false,platform|distributor|tenant|enterprise|mall|department,无异常命名信号,结构闭合；不代表业务语义已审
BIND-AU-010-282,voucher.stockrequests.create,voucher,POST,/api/v1/vouchers/stock-requests,operator,voucher.reserve.request,high,false,platform|distributor|tenant|enterprise|mall|department,无异常命名信号,结构闭合；不代表业务语义已审
BIND-AU-010-283,voucher.stockrequests.update,voucher,PATCH,/api/v1/vouchers/stock-requests/{requestid},operator,voucher.reserve.request,high,false,platform|distributor|tenant|enterprise|mall|department,无异常命名信号,结构闭合；不代表业务语义已审
BIND-AU-010-284,voucher.stockrequests.submit,voucher,POST,/api/v1/vouchers/stock-requests/{requestid}/submit,operator,voucher.reserve.request,high,false,platform|distributor|tenant|enterprise|mall|department,无异常命名信号,结构闭合；不代表业务语义已审
BIND-AU-010-285,voucher.stockrequests.cancel,voucher,POST,/api/v1/vouchers/stock-requests/{requestid}/cancel,operator,voucher.reserve.request,high,false,platform|distributor|tenant|enterprise|mall|department,无异常命名信号,结构闭合；不代表业务语义已审
BIND-AU-010-286,voucher.stockrequests.get,voucher,GET,/api/v1/vouchers/stock-requests/{requestid},operator,voucher.reserve.read,high,false,platform|distributor|tenant|enterprise|mall|department,无异常命名信号,结构闭合；不代表业务语义已审
BIND-AU-010-287,voucher.stockrequests.list,voucher,GET,/api/v1/vouchers/stock-requests,operator,voucher.reserve.read,high,false,platform|distributor|tenant|enterprise|mall|department,无异常命名信号,结构闭合；不代表业务语义已审
BIND-AU-010-288,voucher.stockrequestoptions.list,voucher,GET,/api/v1/vouchers/stock-request-options,operator,voucher.reserve.read,high,false,platform|distributor|tenant|enterprise|mall|department,无异常命名信号,结构闭合；不代表业务语义已审
BIND-AU-010-289,approval.templates.create,approval,POST,/api/v1/approvals/templates,operator,approval.template.manage,high,false,platform|distributor|tenant|enterprise|mall|department|store|supplier|brand,无异常命名信号,结构闭合；不代表业务语义已审
BIND-AU-010-290,approval.templates.revise,approval,POST,/api/v1/approvals/templates/{templateid}/versions,operator,approval.template.manage,high,false,platform|distributor|tenant|enterprise|mall|department|store|supplier|brand,无异常命名信号,结构闭合；不代表业务语义已审
BIND-AU-010-291,approval.templates.enable,approval,POST,/api/v1/approvals/templates/{templateid}/enable,operator,approval.template.manage,high,false,platform|distributor|tenant|enterprise|mall|department|store|supplier|brand,无异常命名信号,结构闭合；不代表业务语义已审
BIND-AU-010-292,approval.templates.disable,approval,POST,/api/v1/approvals/templates/{templateid}/disable,operator,approval.template.manage,high,false,platform|distributor|tenant|enterprise|mall|department|store|supplier|brand,无异常命名信号,结构闭合；不代表业务语义已审
BIND-AU-010-293,approval.templates.get,approval,GET,/api/v1/approvals/templates/{templateid},operator,approval.read,low,false,platform|distributor|tenant|enterprise|mall|department|store|supplier|brand,无异常命名信号,结构闭合；不代表业务语义已审
BIND-AU-010-294,approval.templates.list,approval,GET,/api/v1/approvals/templates,operator,approval.read,low,false,platform|distributor|tenant|enterprise|mall|department|store|supplier|brand,无异常命名信号,结构闭合；不代表业务语义已审
BIND-AU-010-295,approval.tasks.list,approval,GET,/api/v1/approvals/tasks,operator,approval.read,low,false,platform|distributor|tenant|enterprise|mall|department|store|supplier|brand,无异常命名信号,结构闭合；不代表业务语义已审
BIND-AU-010-296,approval.tasks.approve,approval,POST,/api/v1/approvals/tasks/{taskid}/approve,operator,approval.task.decide,critical,true,platform|distributor|tenant|enterprise|mall|department|store|supplier|brand,无异常命名信号,结构闭合；不代表业务语义已审
BIND-AU-010-297,approval.tasks.reject,approval,POST,/api/v1/approvals/tasks/{taskid}/reject,operator,approval.task.decide,critical,true,platform|distributor|tenant|enterprise|mall|department|store|supplier|brand,无异常命名信号,结构闭合；不代表业务语义已审
BIND-AU-010-298,approval.instances.get,approval,GET,/api/v1/approvals/instances/{instanceid},operator,approval.read,low,false,platform|distributor|tenant|enterprise|mall|department|store|supplier|brand,无异常命名信号,结构闭合；不代表业务语义已审
BIND-AU-010-299,voucher.issueorders.create,voucher,POST,/api/v1/vouchers/issue-orders,operator,voucher.issue,critical,true,platform|distributor|tenant|enterprise|mall|department,无异常命名信号,结构闭合；不代表业务语义已审
BIND-AU-010-300,voucher.issueorders.update,voucher,PATCH,/api/v1/vouchers/issue-orders/{orderid},operator,voucher.issue,critical,true,platform|distributor|tenant|enterprise|mall|department,无异常命名信号,结构闭合；不代表业务语义已审
BIND-AU-010-301,voucher.issueorders.submit,voucher,POST,/api/v1/vouchers/issue-orders/{orderid}/submit,operator,voucher.issue,critical,true,platform|distributor|tenant|enterprise|mall|department,无异常命名信号,结构闭合；不代表业务语义已审
BIND-AU-010-302,voucher.issueorders.cancel,voucher,POST,/api/v1/vouchers/issue-orders/{orderid}/cancel,operator,voucher.issue,critical,true,platform|distributor|tenant|enterprise|mall|department,无异常命名信号,结构闭合；不代表业务语义已审
BIND-AU-010-303,voucher.issueorders.get,voucher,GET,/api/v1/vouchers/issue-orders/{orderid},operator,voucher.batch.read,high,false,platform|distributor|tenant|enterprise|mall|department,无异常命名信号,结构闭合；不代表业务语义已审
BIND-AU-010-304,voucher.issueorders.list,voucher,GET,/api/v1/vouchers/issue-orders,operator,voucher.batch.read,high,false,platform|distributor|tenant|enterprise|mall|department,无异常命名信号,结构闭合；不代表业务语义已审
BIND-AU-010-305,voucher.issuebatches.retry,voucher,POST,/api/v1/vouchers/issue-batches/{batchid}/retry,operator,voucher.issue,critical,true,platform|distributor|tenant|enterprise|mall|department,无异常命名信号,结构闭合；不代表业务语义已审
BIND-AU-010-306,voucher.issuebatches.get,voucher,GET,/api/v1/vouchers/issue-batches/{batchid},operator,voucher.batch.read,high,false,platform|distributor|tenant|enterprise|mall|department,无异常命名信号,结构闭合；不代表业务语义已审
BIND-AU-010-307,voucher.issueorderexports.create,voucher,POST,/api/v1/vouchers/issue-order-exports,operator,reporting.export.manage,critical,true,platform|distributor|tenant|enterprise|mall|department,无异常命名信号,结构闭合；不代表业务语义已审
BIND-AU-010-308,voucher.actionbatches.create,voucher,POST,/api/v1/vouchers/action-batches,operator,voucher.status.manage,critical,true,platform|distributor|tenant|enterprise|mall|department,无异常命名信号,结构闭合；不代表业务语义已审
BIND-AU-010-309,voucher.actionbatches.get,voucher,GET,/api/v1/vouchers/action-batches/{actionbatchid},operator,voucher.history.read,high,false,platform|distributor|tenant|enterprise|mall|department,无异常命名信号,结构闭合；不代表业务语义已审
BIND-AU-010-310,voucher.actionbatches.list,voucher,GET,/api/v1/vouchers/action-batches,operator,voucher.history.read,high,false,platform|distributor|tenant|enterprise|mall|department,无异常命名信号,结构闭合；不代表业务语义已审
BIND-AU-010-311,voucher.actionbatches.retry,voucher,POST,/api/v1/vouchers/action-batches/{actionbatchid}/retry,operator,voucher.status.manage,critical,true,platform|distributor|tenant|enterprise|mall|department,无异常命名信号,结构闭合；不代表业务语义已审
BIND-AU-010-312,voucher.actionexports.create,voucher,POST,/api/v1/vouchers/action-exports,operator,reporting.export.manage,critical,true,platform|distributor|tenant|enterprise|mall|department,无异常命名信号,结构闭合；不代表业务语义已审
BIND-AU-010-313,voucher.search.read,voucher,GET,/api/v1/vouchers/search,operator,voucher.history.read,high,false,platform|distributor|tenant|enterprise|mall|department,无异常命名信号,结构闭合；不代表业务语义已审
BIND-AU-010-314,voucher.vouchers.bind,voucher,POST,/api/v1/vouchers/{voucherid}/bind,operator,voucher.binding.manage,high,false,platform|distributor|tenant|enterprise|mall|department,无异常命名信号,结构闭合；不代表业务语义已审
BIND-AU-010-315,voucher.vouchers.unbind,voucher,POST,/api/v1/vouchers/{voucherid}/unbind,operator,voucher.binding.manage,high,false,platform|distributor|tenant|enterprise|mall|department,无异常命名信号,结构闭合；不代表业务语义已审
BIND-AU-010-316,voucher.vouchers.get,voucher,GET,/api/v1/vouchers/{voucherid},operator,voucher.history.read,high,false,platform|distributor|tenant|enterprise|mall|department,无异常命名信号,结构闭合；不代表业务语义已审
BIND-AU-010-317,voucher.vouchers.getbynumber,voucher,GET,/api/v1/vouchers/by-number/{number},operator,voucher.history.read,high,false,platform|distributor|tenant|enterprise|mall|department,无异常命名信号,结构闭合；不代表业务语义已审
BIND-AU-010-318,voucher.vouchers.timeline,voucher,GET,/api/v1/vouchers/{voucherid}/timeline,operator,voucher.history.read,high,false,platform|distributor|tenant|enterprise|mall|department,无异常命名信号,结构闭合；不代表业务语义已审
BIND-AU-010-319,voucher.redemptions.quote,voucher,POST,/api/v1/vouchers/redemptions/quote,operator,verification.verify,high,false,store,无异常命名信号,结构闭合；不代表业务语义已审
BIND-AU-010-320,voucher.tenderholds.create,voucher,POST,/api/v1/vouchers/tender-holds,operator,verification.verify,high,false,store,无异常命名信号,结构闭合；不代表业务语义已审
BIND-AU-010-321,voucher.tenderholds.consume,voucher,POST,/api/v1/vouchers/tender-holds/{holdid}/consume,operator,verification.verify,high,false,store,无异常命名信号,结构闭合；不代表业务语义已审
BIND-AU-010-322,voucher.tenderholds.release,voucher,POST,/api/v1/vouchers/tender-holds/{holdid}/release,operator,verification.verify,high,false,store,无异常命名信号,结构闭合；不代表业务语义已审
BIND-AU-010-323,voucher.redemptions.create,voucher,POST,/api/v1/vouchers/redemptions,operator,verification.verify,high,false,store,无异常命名信号,结构闭合；不代表业务语义已审
BIND-AU-010-324,voucher.refunds.create,voucher,POST,/api/v1/vouchers/redemptions/{redemptionid}/refunds,operator,voucher.redemption.reverse,critical,true,platform|distributor|tenant|enterprise|mall|department,无异常命名信号,结构闭合；不代表业务语义已审
BIND-AU-010-325,voucher.redemptions.get,voucher,GET,/api/v1/vouchers/redemptions/{redemptionid},operator,voucher.redemption.read,high,false,platform|distributor|tenant|enterprise|mall|department,无异常命名信号,结构闭合；不代表业务语义已审
BIND-AU-010-326,voucher.searchfacets.read,voucher,GET,/api/v1/vouchers/search/facets,operator,voucher.history.read,high,false,platform|distributor|tenant|enterprise|mall|department,无异常命名信号,结构闭合；不代表业务语义已审
BIND-AU-010-327,voucher.searchsnapshots.create,voucher,POST,/api/v1/vouchers/search-snapshots,operator,voucher.history.read,high,false,platform|distributor|tenant|enterprise|mall|department,非GET+.read,UNKNOWN：需业务链复核
BIND-AU-010-328,voucher.searchexports.create,voucher,POST,/api/v1/vouchers/search-exports,operator,reporting.export.manage,critical,true,platform|distributor|tenant|enterprise|mall|department,无异常命名信号,结构闭合；不代表业务语义已审
BIND-AU-010-329,voucher.exports.get,voucher,GET,/api/v1/vouchers/exports/{exportid},operator,reporting.export.read,high,false,platform|distributor|tenant|enterprise|mall|department,无异常命名信号,结构闭合；不代表业务语义已审
