"file_id","path","lines","type","entry_or_caller","conclusion"
"FILE-AU-024-001","01_core_hexin/extensions/providers/foodvoucher/ErrorMap.ts","6","TypeScript源码","公共barrel","深入；DC-0030/G1"
"FILE-AU-024-002","01_core_hexin/extensions/providers/foodvoucher/Mapper.ts","1","TypeScript转发","FoodvoucherProvider","深入；F-0103"
"FILE-AU-024-003","01_core_hexin/extensions/providers/foodvoucher/Provider.ts","17","TypeScript源码","ProviderFactories/RuntimeExtensionLoader","深入；F-0100/F-0103"
"FILE-AU-024-004","01_core_hexin/extensions/providers/foodvoucher/Webhook.ts","1","TypeScript转发","公共barrel","深入；已纳入DC-0026"
"FILE-AU-024-005","01_core_hexin/extensions/providers/foodvoucher/index.ts","5","公共barrel","Commerce/tests","深入；导出全部能力表面"
"FILE-AU-024-006","01_core_hexin/extensions/providers/foodvoucher/manifest.ts","24","TypeScript源码","Registry/release signer","深入；F-0100/F-0103"
"FILE-AU-024-007","01_core_hexin/extensions/providers/foodvoucher/package.json","11","依赖清单","workspace/npm","深入；正式脚本"
"FILE-AU-024-008","01_core_hexin/extensions/providers/foodvoucher/tests/Provider.test.ts","13","测试源码","Vitest","深入；F-0104"
"FILE-AU-024-009","01_core_hexin/extensions/providers/foodvoucher/tsconfig.json","1","结构化配置","workspace typecheck","深入；继承根配置"
