"故障编号","链路/步骤","故障模式","直接原因","首个可观察影响","后续影响","当前检测","严重度","发生可能性","可检测性","恢复/回滚","证据状态"
"FM-AU-008-001","Console proof command→CORS→API","预检拒绝x-action-proof","生产allow headers遗漏SDK真实header","浏览器不发送PUT/POST/DELETE真实请求","Finance policy/Owner transfer停在网络边界；无数据库写","browser mock错误允许；生产test无断言","P2","调用proof能力时确定；线上调用频率UNKNOWN","中低，单元测试会假绿","独立修复分支补契约并以真实浏览器OPTIONS验收；回退单提交","F-0044/E-AU-008-005/006"
"FM-AU-008-002","quality→runtimegraph","当前正确代码被旧契约门禁拒绝","checker遗漏57c退出决策且读取缺失Miniapp文件","audit:architecture非零或ENOENT","开发/质量信号阻断或被长期忽略","正式命令本环境先缺typescript；静态复算命中","P2","依赖完整时确定","高，可直接复现","独立checker批次更新事实表并保留反事实fixture","F-0045/E-AU-008-007/008"
"FM-AU-008-003","Wechat response→Transport→ApiClient","undefined body造成TypeError/重试","JSON.stringify(undefined)不是string","成功响应被当成客户端/网络失败","幂等请求可重复发送；最终错误而非成功","Wechat test仅abort","P3","当前仓内caller为0；外部/未来使用UNKNOWN","低","规范化body并覆盖矩阵；回退adapter单提交","F-0046/E-AU-008-009"
"FM-AU-008-004","Wechat success callback","序列化异常后Promise永久pending","settled/detach发生在JSON.stringify之前","调用停到上游deadline；listener已移除","页面等待/重试恢复语义异常","无测试","P3","需要BigInt/cycle数据；微信实际形态UNKNOWN","低","序列化先行并在catch reject；测试callback race","F-0046/E-AU-008-009"
"FM-AU-008-005","event registry→publisher","同进程消费者改写Map","export可变Map singleton","事件被错误路由或报missing","派生projection/notification等漂移","未发现当前写调用；Event.test只初始快照","P2（既有）","需误写/恶意同进程代码","低","深冻结/只读查询接口；进程重启恢复","F-0032/E-AU-008-011"
"FM-AU-008-006","event definitions→release contractHash","schema/handlers变化但contractHash不变","events.json只投影三字段","release元数据的contractHash不旋转","兼容诊断字段失真；commit/OCI hash仍会变化","无字段覆盖反事实测试","P2（既有）","相关定义变化时确定","中","拆分/扩充事件身份；兼容旧hash","F-0039/E-AU-008-013"
"FM-AU-008-007","current.sql→人工/外部流程","生成快照被误执行为迁移","文件名/current语义但无受管入口","重复insert/constraint或大范围函数替换失败","可能出现部分外部操作；脚本自身begin/commit可回滚事务内错误","仓内仅测试读；外部流程UNKNOWN","UNKNOWN","无当前执行证据","低","数据库专项先查ledger/操作者；禁止本AU执行","E-AU-008-012"
"FM-AU-008-008","generated checks","依赖缺失使所有正式验证在实现前退出","node_modules未安装","0测试/0类型检查/0生成比较","审计只能保留未验证状态","退出码和缺包明确","环境阻塞","当前审计worktree确定","高","未来依赖完整只读环境重跑；本AU不安装","E-AU-008-008"
"FM-AU-008-009","Miniapp generated modules→release","制品含未挂载模块且没有完整应用拓扑","仓内只有9文件，零domain/API caller","candidate仍形成miniapp目录hash","不能证明可启动或功能可用","多个门禁采用冲突判据","P2（既有）","固定仓库确定；外部工程UNKNOWN","高","先确认产品/外部owner，再统一machine manifests","F-0006/E-AU-008-014"
