"file_id","path","lines","status","finding"
"FILE-AU-029-001","01_core_hexin/extensions/providers/directcharge/ErrorMap.ts","6","深入","DC-0037"
"FILE-AU-029-002","01_core_hexin/extensions/providers/directcharge/Mapper.ts","1","深入","Catalog canonical keys"
"FILE-AU-029-003","01_core_hexin/extensions/providers/directcharge/Provider.ts","17","深入","F-0119/F-0120"
"FILE-AU-029-004","01_core_hexin/extensions/providers/directcharge/Webhook.ts","1","深入","DC-0026既有"
"FILE-AU-029-005","01_core_hexin/extensions/providers/directcharge/index.ts","5","深入","公共导出"
"FILE-AU-029-006","01_core_hexin/extensions/providers/directcharge/manifest.ts","24","深入","F-0119/F-0120"
"FILE-AU-029-007","01_core_hexin/extensions/providers/directcharge/package.json","11","深入","正式脚本"
"FILE-AU-029-008","01_core_hexin/extensions/providers/directcharge/tests/Provider.test.ts","13","深入","F-0121"
"FILE-AU-029-009","01_core_hexin/extensions/providers/directcharge/tsconfig.json","1","深入","根配置"
